"customer_id","years_in_current_job","home_ownership"
"981165ec-3274-42f5-a3b4-d104041a9ca9","8 years","Home Mortgage"
"2de017a3-2e01-49cb-a581-08169e83be29","10+ years","Home Mortgage"
"5efb2b2b-bf11-4dfd-a572-3761a2694725","8 years","Own Home"
"e777faab-98ae-45af-9a86-7ce5b33b1011","3 years","Own Home"
"81536ad9-5ccf-4eb8-befb-47a4d608658e","5 years","Rent"
"4ffe99d3-7f2a-44db-afc1-40943f1f9750","10+ years","Home Mortgage"
"90a75dde-34d5-419c-90dc-1e58b04b3e35","< 1 year","Home Mortgage"
"018973c9-e316-4956-b363-67e134fb0931","< 1 year","Home Mortgage"
"af534dea-d27e-4fd6-9de8-efaa52a78ec0","2 years","Rent"
"235c4a43-dadf-483d-aa44-9d6d77ae4583","< 1 year","Rent"
"0de7bcdb-ebf4-4608-ba39-05f083f855b6","3 years","Rent"
"aa0a6a22-a95e-48e0-ba4f-b83456d424e4","10+ years","Home Mortgage"
"11581f68-de3c-49d8-80d9-22268ebb323b","< 1 year","Own Home"
"900c9191-2c20-4688-af7e-07c59b5d5a24","4 years","Rent"
"2ac05980-7848-4692-89ae-9321afe650f8","10+ years","Rent"
"3ec886e7-f15d-4c35-83d0-bdec4817ae4b","9 years","Own Home"
"abb4c446-08ea-49ff-aeb8-5e1e9da673e7","7 years","Home Mortgage"
"967e8733-7189-49b7-a3ab-6a1d0e1abdac","10+ years","Home Mortgage"
"c67b2cb5-9f91-4bcb-9a03-03d1589c6c1a","10+ years","Rent"
"422f9b72-5041-407c-8ac4-982213deacd1","8 years","Home Mortgage"
"40f729c9-54c7-4768-9fb5-2fa41d074c48","8 years","Rent"
"016c5139-4da2-44ba-a0a6-7b23597526a8","< 1 year","Rent"
"5b53e176-8fc7-48bf-9d78-ceb5aa284f36","2 years","Rent"
"eb166545-76e5-43ae-8c64-3fe5ebb9c729","10+ years","Home Mortgage"
"54f57722-2473-4dd8-b69b-82b5b0c1c9f9","4 years","Home Mortgage"
"cbe53e22-ba67-4eaf-a4fb-c5acdd12ec66","3 years","Rent"
"9baf6d5d-f744-4332-abb0-e939b75cde40","1 year","Rent"
"2bdc133d-cbbf-46c1-a902-488924082993","2 years","Home Mortgage"
"689da294-ff83-4d49-986a-c61887f6d4e2","10+ years","Home Mortgage"
"5129cffc-68a1-4dd9-8bfe-035f3478d6dd",NULL,"Home Mortgage"
"f4226232-1c33-4d69-ada0-c88245fe345f","6 years","Rent"
"247c59e9-cf6b-40a7-ae35-d102b69991cc","2 years","Rent"
"1c9b6b3e-060d-4a70-8b08-522a7f589e89","< 1 year","Rent"
"61a4f1ed-e2c3-401e-aec8-9b0d7178f5ff","10+ years","Home Mortgage"
"2d53b50a-30a2-488e-a287-3780b26e62ba","10+ years","Home Mortgage"
"b91032a8-107c-4c0f-9ef8-c517e696f497","5 years","Home Mortgage"
"86b8d158-c6f7-4ff0-8aaf-4eb96a3e6adc","4 years","Home Mortgage"
"d1d8497b-90bf-48ea-a8b1-40c909ab1f97","8 years","Home Mortgage"
"dedbd71d-dabd-4c64-a38f-bb5886e7f8b6","8 years","Home Mortgage"
"f7581a72-d073-48a3-934f-14bdfae93691","8 years","Home Mortgage"
"64560eb4-f50d-4f14-8a86-b46c0381bef2","< 1 year","Rent"
"33ca84d6-61ab-4e1c-9312-77228201e7dd","2 years","Rent"
"847e2dfa-a44c-4ec1-b05f-5d4a33e66885","4 years","Home Mortgage"
"628b0914-b1d7-4028-b590-b50f5da53d06","10+ years","Rent"
"c5a714bb-75c6-4264-a807-8a35bb12ce7d","4 years","Home Mortgage"
"64a23638-0025-41de-b41d-85c01eee6f1a","1 year","Rent"
"5d71bb9d-ce8b-499d-91bf-3df92426430d","10+ years","Own Home"
"24f6b0cb-17bd-4931-8cc9-b957f20efea5","< 1 year","Home Mortgage"
"6cfb0765-7cd8-4ef5-aa6e-f935caf57cf0","8 years","Rent"
"1ee733fd-fda7-4666-bbcb-059103773627","10+ years","Own Home"
"86d02184-ce07-4f47-9f68-45743fa29ced","10+ years","Own Home"
"2884d362-391a-4941-af69-c825cae18002","10+ years","Rent"
"06d6c4a1-7a06-41c5-aeb1-fe0d7e5c895e","2 years","Rent"
"41988ec9-7368-42a3-bc2f-9882fb3779f6","10+ years","Home Mortgage"
"82b6502d-b24e-43d7-baf5-5624e566bfe3","10+ years","Home Mortgage"
"48e551b4-6a6f-4450-bf3c-f0ee9bcb266e","10+ years","Home Mortgage"
"9966e08c-04a6-41ab-86d0-e4062c64bd41","4 years","Rent"
"b6f9e737-6609-45fd-8d6c-37b1b64c45df","7 years","Home Mortgage"
"0b25e0aa-3fe1-4540-8e6d-f6e579dfc84a","2 years","Rent"
"cdb9037a-a7e4-49e5-ace2-61cb3df0e1e0","6 years","Rent"
"e947abb6-87fa-4e75-b381-d487bc4dd0bf","7 years","Home Mortgage"
"2b8d9ed7-d6d4-491e-82f9-f5bee3bd9408","10+ years","Home Mortgage"
"1902ebd8-4ffa-4182-90dd-89a9eb14a9a0","7 years","Home Mortgage"
"c5e8d25e-4417-4e67-ac03-9d5cf3f903ca","2 years","Own Home"
"8e49b9f9-b15f-4d76-a1f8-2bc90dfdb07f","10+ years","Home Mortgage"
"88f97adf-070a-47b1-9657-38276eef7d19","6 years","Home Mortgage"
"0c0f26c2-c4c9-4f63-ae6c-1895438c6966","6 years","Home Mortgage"
"fef3362a-2732-4520-ab83-4ce52074aa4e","6 years","Home Mortgage"
"6ae17645-6b2a-4088-bb0c-1ca8424fedd7","7 years","Home Mortgage"
"570f58b9-c502-4c7d-b1a8-9df512e9daf5","9 years","Home Mortgage"
"c2fe5a7f-9826-48ad-ae02-b2c31cae3463","4 years","Rent"
"e978f6d8-912e-418e-8649-1b970583f4c8","10+ years","Rent"
"decb6753-c45f-4f8a-ae0d-e8b26d246998","5 years","Home Mortgage"
"a17de546-6b7f-4abf-9af4-99047eeda08a",NULL,"Home Mortgage"
"8980b1b1-7f07-49c7-a4f7-4268a61210f5","10+ years","Home Mortgage"
"6e8df64b-1404-4c95-8c79-954a601ba585","5 years","Own Home"
"55012e48-1a72-4609-b289-cd25b03f1aea","1 year","Home Mortgage"
"d377d2ea-5cf8-4ee2-b7ba-f5be4dbb1b11","9 years","Home Mortgage"
"47e5d0b1-228e-4fae-a0a5-22f4b9f8ad7d","7 years","Home Mortgage"
"42374c5d-1275-4b47-b0d6-e1c33d02b811","6 years","Home Mortgage"
"2bafd352-5fbb-4435-8316-fa2e7bc6950f","5 years","Rent"
"3c75455c-6827-49fc-b91d-3001a1a5c9ba","< 1 year","Home Mortgage"
"ac460fac-928b-4149-b919-69ea4eb9750f","8 years","Home Mortgage"
"d80034d4-37b2-4380-9546-3bc3c9025077","2 years","Home Mortgage"
"034ce7a6-999c-4ffa-a1d2-610f88a29606",NULL,"Rent"
"0f9f9ea4-6122-4fc6-99fd-6c6c38a32138","3 years","Rent"
"f55d6d2b-646b-4d5d-996e-85f78f6fe3f2","2 years","Rent"
"e5e051b3-545f-45c7-a975-360b732f7c97","3 years","Rent"
"377a2055-0d25-4dd0-a7c9-28cb61f68259","1 year","Rent"
"46dce277-4cdd-4b47-83f8-97078cb41bc0","10+ years","Home Mortgage"
"64f770d8-dec2-42e7-8955-6149ce7efd5f","10+ years","Rent"
"4da78dcb-83c2-4338-9a5b-72bd01053f5c","10+ years","Rent"
"4cc38eb2-c463-493a-82e9-1571bacc69a9","2 years","Home Mortgage"
"f4a63c54-c7b6-4132-a5c1-160b09c0a1cf","6 years","Home Mortgage"
"40deeacb-f472-4241-9861-56ce8bfe3151","6 years","Rent"
"bc653e0d-ccac-4114-b998-f53c9f2dffc8","10+ years","Rent"
"403bdb3c-e326-4172-9f81-4e6b992cc349",NULL,"Own Home"
"168cc347-945f-43d4-827b-1c06c7a80722","2 years","Rent"
"d110ff2c-c936-487a-8e4f-8a192bad9cd8","3 years","Rent"
"e298cbfc-074f-4441-9faf-d452aba7487f","10+ years","Rent"
"4b8c3426-83b6-4e7a-bd22-ab5695587508","10+ years","Home Mortgage"
"5df79973-ce71-49e2-a6a2-a52221cd1b1a","4 years","Rent"
"fc5cff9c-c6b5-4616-a83f-c6866e7ce032","2 years","Home Mortgage"
"ba4f8d7d-4907-4870-a1b1-e79f7055e13d","7 years","Rent"
"4bdc5535-cbfe-4f08-9852-0d2a690a4644","10+ years","Home Mortgage"
"f0d6b352-bcf0-4114-9180-3e25878ddf69","3 years","Rent"
"151e8706-cbcc-4d7f-bff0-a13ef9f5807a","10+ years","Home Mortgage"
"455d606b-6b1e-4222-9b90-987c55d001e6","1 year","Home Mortgage"
"8823b7a8-9c0b-4f2d-a1dc-ffcb37ee4efb","6 years","Home Mortgage"
"9d42ab3f-ccf7-4b8e-9dc0-54caaae9c343","10+ years","Home Mortgage"
"3fcb95d2-9f4f-4877-b959-a02948af9de4","7 years","Home Mortgage"
"3edb6bb1-2045-4746-bd78-cdd4a7683b8d","< 1 year","Rent"
"030a28e3-11ef-4d3f-9601-0479039ac27c","3 years","Rent"
"90303eb6-110d-4aed-98e9-5bdb1ce8bb10","7 years","Rent"
"d7ba72fa-b67b-46e7-8f1b-aa68520b89c8","7 years","Rent"
"dccb0b43-a54d-47ae-b01b-382d193b475b","10+ years","Home Mortgage"
"44c5392a-dab7-4747-a2c7-da56763c6a5e","10+ years","Rent"
"3ecdcd82-6b30-4518-bdf9-92de5833caee","1 year","Home Mortgage"
"4bf2f68f-20e5-44ce-b073-a31953b2f646","2 years","Rent"
"942d2eb9-a841-4b19-96c3-a9aaa73b0dcf","10+ years","Home Mortgage"
"7a826762-3889-4043-9425-363df5f6101d","4 years","Home Mortgage"
"5bdd1ffb-85eb-4072-941e-226eaecebb1f","10+ years","Home Mortgage"
"4e5b7ae7-5341-4435-8da8-fa5ed89b6905","1 year","Rent"
"453062fa-f96e-42e4-add5-d15c812fc141","2 years","Home Mortgage"
"e1ca1603-7399-4ae4-a7cd-d5015c433e8c","8 years","Rent"
"044bdda9-adf7-4025-b77d-0160e4e834c2","3 years","Home Mortgage"
"eb9b4903-d0df-4a68-bec9-00583ed78f33","< 1 year","Rent"
"0c687ecc-cabf-48dd-83cd-b6fa50e11fcb","7 years","Home Mortgage"
"8ded7e5a-b0e0-4d18-a3cf-5ad8cd5fea52","< 1 year","Rent"
"f99cee77-ac7d-4d8b-936e-93ada7836e1b","3 years","Rent"
"c8b825f5-3188-4c38-a4cd-8dd1952d3e20","6 years","Own Home"
"1ccbd292-a4e3-4ac4-bf08-565e66f30fe6","10+ years","Home Mortgage"
"c9e10069-780c-4853-aa6f-092a425f2663","4 years","Rent"
"36096b3d-97e7-4b1e-89bd-660289a7a62d","1 year","Rent"
"9fa0a981-d220-4f8a-99c2-5321c42f070f","10+ years","Rent"
"1e8705ea-cf91-464b-bba9-035a4c9a6da7","7 years","Home Mortgage"
"dba85a94-371c-4d9f-a0b4-d56def6659fa","7 years","Home Mortgage"
"1ad6919e-0fe1-4628-94a6-69bbd7cb8edc","10+ years","Own Home"
"1d77b9af-c36c-4683-81e2-54bfb01f00d6","9 years","Rent"
"ec83df40-a37c-4c6f-89c4-e2dbe965026e","< 1 year","Rent"
"735e7283-7724-484c-b113-d50e04e92c63","5 years","Rent"
"e6b4ef94-b40d-451e-b0f7-a164ca3831fc","10+ years","Home Mortgage"
"cf4d223b-958a-4a31-8b82-09ae3996fd0c","7 years","Home Mortgage"
"5e02406a-3cd6-49f7-bdc7-0f90ec0bb030","< 1 year","Rent"
"b0d26cc8-cf23-4eb3-aa53-8074353532ce","1 year","Home Mortgage"
"0d165460-bb88-4a53-b8aa-cdbf8c3f342c","2 years","Home Mortgage"
"6ecfe8c1-8b24-472b-9efa-0fd181df38e9","9 years","Home Mortgage"
"01246538-e5a4-46e1-9db5-082889444846","7 years","Home Mortgage"
"d56c6737-bab6-49fc-9363-b7937e489e3a","6 years","Home Mortgage"
"6adde19f-937f-4369-a6ad-cfe94b41d6dc","5 years","Rent"
"ba0dcc40-2355-4934-a4f8-1dc189964279","4 years","Home Mortgage"
"37c41379-e56c-4455-a94b-2b810d80a058","4 years","Own Home"
"45f8e491-a49a-478d-8ec0-68d6fbd10c90","10+ years","Home Mortgage"
"12be2338-32c8-459d-8201-e85308164a9b","1 year","Rent"
"a18c315b-1918-4c8c-bf77-15886243427f","1 year","Home Mortgage"
"886e3ac5-357d-42ab-81cd-aaee8d28c706","8 years","Rent"
"f922a1c3-98e7-4870-ade3-dd9a9b2fa5ee","2 years","Own Home"
"68b77d5b-94b9-46b3-a979-d9ae507df0e2","7 years","Rent"
"90fdf7b8-8547-4d7d-b7c1-a1a93117fcee","< 1 year","Rent"
"7e1c0a75-f49e-4a18-aa19-260ff92b57df","6 years","Rent"
"f20cccab-9676-4fba-a5c2-7e6d52d07bba","10+ years","Rent"
"f36792bd-e4e8-432a-95b6-49c8965cf1d9","3 years","Rent"
"0af8fb87-4963-408f-824d-63c51cfb7f92","10+ years","Home Mortgage"
"c202ba1a-d4a2-42d7-a2f1-d0093fc4509b","10+ years","Home Mortgage"
"8aad10e5-1d3b-4014-8652-861f974b5dc4","2 years","Home Mortgage"
"fc950ca6-8f85-425c-a800-85a71a4e0870","2 years","Rent"
"fd4ca23b-1ad4-404e-97c4-f1834094d9d8","3 years","Own Home"
"ab77813a-d625-4f19-9772-f17d6654656c","2 years","Home Mortgage"
"50b9be84-4a19-4005-b50a-016352734f4d","1 year","Home Mortgage"
"47fdd7c4-e629-4826-a847-d2438cf2f445",NULL,"Home Mortgage"
"a32475a6-e244-4386-98a7-b02c1c78e2c1",NULL,"Home Mortgage"
"ee43e681-9eca-4f0a-9b37-0c7a242b7963","9 years","Rent"
"76c63206-8f06-45f1-9973-be2cda8dc4fa","10+ years","Rent"
"a2dc4e54-eaa7-4bbc-b103-8d06d05a3f54","9 years","Home Mortgage"
"860862ac-4148-48de-88df-fff9e7f4d784","6 years","Home Mortgage"
"1eefc01a-2551-44c9-8305-0fd083e770ac","10+ years","Rent"
"133bad47-5555-49f6-9885-70756e18ad74","< 1 year","Rent"
"3d444fd0-12df-4671-a439-e6933570da1b","2 years","Rent"
"c56cdb33-b1fd-4d8b-9b63-db54333910a8","2 years","Rent"
"7391b4e2-f7fe-41dd-bb58-eddcce0ea92d","10+ years","Home Mortgage"
"64dcd3aa-3c82-4c70-929a-a83d249d894a","9 years","Home Mortgage"
"51fcba2d-c634-4e05-ba0f-9d1b3e2e70a5","8 years","Rent"
"62c2c24e-d73e-424b-b344-173ff9c1ab34",NULL,"Home Mortgage"
"7d09ca08-2cdd-4da0-8419-56efa1742725","10+ years","Home Mortgage"
"bc0556e1-ef0d-4ad8-a579-83fffe860d50","10+ years","Home Mortgage"
"2cfaebac-5ad2-44c3-804f-8cee5fd8ea96","5 years","Rent"
"b5c327ed-2316-4b1e-98e4-5e0a31943bef","1 year","Rent"
"e3c54e03-73c7-418d-9672-f3eda66c4f4f","7 years","Rent"
"9a378a11-d17c-486f-bdc8-2ce117215d6b","10+ years","Home Mortgage"
"b48dacc4-9a81-4817-9efc-62f4678f632b","4 years","Rent"
"bcb7a8a2-54b9-4d2e-907d-066d7db1332f","9 years","Home Mortgage"
"3569687c-9c83-4902-8499-07554a9de12b","9 years","Home Mortgage"
"477346c7-4293-4c1b-a712-89be53157e28","< 1 year","Rent"
"0c83cac3-592e-4d36-a601-b4e50af8e96e","10+ years","Home Mortgage"
"67d9a806-c23d-45fc-8c49-aec86224c66f","5 years","Home Mortgage"
"36a90e1f-25bb-4666-b78a-62b17ecc427d","< 1 year","Rent"
"86ea6dde-87de-443a-98a8-1ddb8c454811","10+ years","Home Mortgage"
"f0d0fb77-c03c-4e41-86ce-421999997be0","10+ years","Rent"
"c68e4653-01eb-4e55-88c3-80b151fa9c90","1 year","Rent"
"142ac1e6-9f6b-4656-b1c5-a3aeca3b3736","5 years","Home Mortgage"
"91a2224e-3024-4b3c-848b-3ecf24503d71","10+ years","Home Mortgage"
"51e76175-9403-4871-a6e4-c5b5ea7a1412","1 year","Rent"
"546408e9-0300-401e-a111-446b87b78fa2","5 years","Home Mortgage"
"77c02bb2-717c-459d-8828-7cfce08b4a0b","5 years","Rent"
"0e0fa488-b6cb-444e-b3cf-c2021a74cad8","< 1 year","Home Mortgage"
"2bac8213-2ea9-4aa7-9112-8cc72cbb616e","10+ years","Home Mortgage"
"117496d1-3c6e-4299-a8f6-0e4668b6bef9","< 1 year","Rent"
"289b5992-ceed-469a-9c30-9a8c5567a1ee","2 years","Rent"
"50d18312-05f4-44c6-8b25-5afe86526d33","2 years","Rent"
"8156ed23-5700-4450-a981-dcff4cf322ce","5 years","Home Mortgage"
"fa3af482-4fd5-4b0c-8d75-d3292a195463","3 years","Home Mortgage"
"9af01efe-ca83-4a69-bae2-a2d80b18e467","1 year","Rent"
"660e1e64-6904-4904-acd7-6c7dc096bbfc","10+ years","Home Mortgage"
"1eff98c5-6382-4c2b-8241-1193ea885216",NULL,"Home Mortgage"
"580287c4-97f3-4e12-b815-4a57be8fc372","10+ years","Rent"
"b0e36332-8a35-45a8-94bb-a2ccdbb43f93","10+ years","Home Mortgage"
"f2679b6f-e5c8-4af8-8027-b2933a535741","10+ years","Home Mortgage"
"3ee8dea0-7560-4a54-8cf2-18a196f68618","7 years","Home Mortgage"
"e74223bc-f0d9-4ae5-8616-229c49df7902","10+ years","Own Home"
"7fa3a146-1ab1-48bf-8917-41022a07383a","10+ years","Rent"
"0ce26174-19c8-48b5-8a4d-226aca78367e","10+ years","Rent"
"9f9bb0ba-9afd-4b10-b489-28cd65bbf75c","4 years","Home Mortgage"
"529f45cf-801d-4844-994d-8b3b2db40bd9","2 years","Rent"
"4c328ed4-c746-4ae6-92cc-8c648dd8c366","3 years","Rent"
"248d929d-28d2-437b-a3ab-912346b03513","4 years","Home Mortgage"
"9bf42874-90b7-44b2-8567-0b26b2ce7f77","6 years","Rent"
"48cdef94-bd16-4df1-98fc-50fc3efae88e","1 year","Rent"
"bdc8384b-c937-4c0b-b2a5-8e3d755c8d7b","10+ years","Home Mortgage"
"c746e142-7048-4f4d-b3ff-294bc3673b3c","< 1 year","Rent"
"9f11cce9-12a9-48ff-a776-62aa7f6beebf","4 years","Rent"
"2f026faa-1ea6-47b1-8be0-c69631b988f6","10+ years","Home Mortgage"
"7b2a256c-be3f-4f98-b797-f9f38f075a66","3 years","Own Home"
"a02537d3-16b1-4a7a-a8a0-e7cf0ff98e6c","10+ years","Rent"
"3e28b8e1-eec6-4c4a-8b1b-d718535bc995","3 years","Rent"
"c8d35d40-d82a-4eed-9768-c09e61f8fe68","5 years","Rent"
"eef2c01f-7676-48e3-96d2-5d965f7efbd7","2 years","Rent"
"7a4ecabe-6d54-4609-a0f0-17b20b1622a9","10+ years","Home Mortgage"
"4a38f197-1e4a-49f9-bc02-7563c7663f69","10+ years","Home Mortgage"
"ee5f9ebe-0bc7-4be2-ba09-07329fb9f0f9","10+ years","Home Mortgage"
"70e8b7c3-5c89-43d9-91b2-54c5f82e6aeb","8 years","Rent"
"b2e263f2-7ca6-4def-ae66-425aca9a44ce","< 1 year","Home Mortgage"
"1c9b370f-8dce-4135-af08-8fdea9fcc3fa","5 years","Rent"
"fe12ac96-f1c9-4ee1-8564-7b9c407be684","4 years","Home Mortgage"
"016cec7a-d077-4efa-8ce1-01cb0c3f14ce","8 years","Own Home"
"6d3ed03d-9b0f-4730-857f-2c31484bcb0c","8 years","Home Mortgage"
"d05982f1-bfcd-418f-add8-afcdd79c1e02","10+ years","Rent"
"597d860d-c890-4f31-b476-f8996bb8fdc4","5 years","Home Mortgage"
"ce0e117f-d104-4681-82cb-4bbe32ca48dd","10+ years","Own Home"
"19542fc0-6f7e-4e88-8d98-bb678d68ea30","6 years","Rent"
"fedd8518-ead5-4392-ba6a-78707a75a5c6","8 years","Home Mortgage"
"6841d292-bf4d-4f08-bdef-b851643cee7f","7 years","Own Home"
"f4a4857d-fdac-4f25-8886-607574527864","5 years","Home Mortgage"
"ffe02306-8102-4c69-a514-72ef531ce7e1","2 years","Home Mortgage"
"07838ed8-d984-456f-bd10-308126ab9774","10+ years","Home Mortgage"
"ee5e2ea2-6641-428d-9770-455672dfdd17","8 years","Home Mortgage"
"2d1f095e-2db8-4c97-a8aa-557615b67804","10+ years","Home Mortgage"
"70f10338-c42a-442b-8d27-fd47fe3f6d39","10+ years","Home Mortgage"
"e460bc99-b5fc-4b3b-979e-1e7c5be6c81d","10+ years","Home Mortgage"
"63796095-b7b6-4f04-b17c-e77f3c799fa5","10+ years","Home Mortgage"
"6883114b-f6c5-4eec-8048-91be2a5068a7","10+ years","Home Mortgage"
"5ddd0f20-e1b7-490a-a3dd-dd36d0380664","< 1 year","Rent"
"f7f8e132-37ed-4cc7-a5f9-5d5dea766cdb","10+ years","Home Mortgage"
"01af6fa9-b03b-4271-ad41-68144af5174c","10+ years","Home Mortgage"
"f36aa067-20f8-4fc1-a4b3-ee8583e1771e","< 1 year","Rent"
"a8cd0882-f4ae-44ed-bdba-b0fa88032f8d","7 years","Rent"
"f5b57b23-e214-427a-8d8f-79e3120cc3f5","4 years","Home Mortgage"
"1b7eb5be-f3f3-4fbd-9ea9-f5375ded5692","6 years","Own Home"
"2ea0bc45-2e41-4932-af65-e4ed6e8554cf","10+ years","Home Mortgage"
"e25e2a25-19db-4100-97fc-18282b8c98a0","10+ years","Home Mortgage"
"6c23d05e-c604-4b43-a6cb-7a0e44bad670","10+ years","Home Mortgage"
"8cd8a9f1-ee07-4ba2-a0f8-87aa31435c90",NULL,"Home Mortgage"
"baba73db-8398-4d46-be16-3344448fc21f","10+ years","Home Mortgage"
"22702252-ce3f-49f3-b62b-92022bf4c7fb","3 years","Rent"
"dabfeeab-b80c-41ab-90ae-8d3549d3c72b",NULL,"Home Mortgage"
"df9f570e-c620-4065-a045-1fdb1441d8ca","3 years","Rent"
"efb8142e-318b-4c95-ab8a-0debf34bea04","10+ years","Home Mortgage"
"7d58405b-a575-43df-882d-3053fef20637","2 years","Own Home"
"db57077a-6e13-425c-8e82-211c0e2f79c0",NULL,"Home Mortgage"
"191d6883-713d-4380-96d6-417a9cc0830d","1 year","Own Home"
"26fa597c-e2b9-4873-8894-f3574e95503b","10+ years","Home Mortgage"
"d75c5d50-9703-4571-85e9-37c19de411c5","9 years","Home Mortgage"
"87630839-daf3-4eab-9d2a-f53837fbb87a","10+ years","Home Mortgage"
"9d6258bf-f326-4fa5-8d51-c61c4e09ea84","3 years","Rent"
"ceb55b24-7481-4290-a522-f9455d6f051c","2 years","Rent"
"30e80eb8-22e8-43b1-a927-6c98e5d1ff3c","3 years","Home Mortgage"
"561f4e5e-1c14-48f6-a973-f88429fdc265","7 years","Rent"
"e18f7cf9-0093-4946-a878-e239f14f2db7","8 years","Own Home"
"735ddd4f-0c4a-41b8-ba3b-f52b98fa8e2e","5 years","Rent"
"0abf8e06-2433-4009-8ad5-adf64ddc80c8","7 years","Rent"
"1dc24b5e-f322-469b-a154-a15fea750baf","10+ years","Rent"
"33bf0df2-a905-4963-9d22-7375ee815b3d","3 years","Home Mortgage"
"662a169b-55a7-49ff-be87-861f0fdbb357","2 years","Rent"
"9a9e3ed2-d6b2-47e3-b87a-312a5da73343","7 years","Home Mortgage"
"bcd9849c-6b3a-4967-a7d2-fd071e621e77","10+ years","Home Mortgage"
"e50769c7-d01a-43af-b66d-9a13dc014f36",NULL,"Home Mortgage"
"a3e68c54-ec6c-4f27-861b-d60025f36cde","< 1 year","Rent"
"f83594ba-4d1d-45e2-ba80-5cf51e8c35f1","1 year","Rent"
"9281ecfc-e6e4-42cf-97d9-bd7911ed4dae","8 years","Own Home"
"847a26f1-a423-49df-ae24-9b604609ad92","5 years","Home Mortgage"
"09c6f224-cf1f-4c50-b3ac-30c93dc5ff28","< 1 year","Rent"
"ca4f90bc-7222-4792-9061-6b30772818bf","10+ years","Home Mortgage"
"073e047d-fe1a-4d74-87e8-27fc569a9052","< 1 year","Rent"
"f2c78905-f5de-4b37-97db-2b169ffb76a7","10+ years","Own Home"
"c793367c-0942-4d2b-b453-df38f94d345d","10+ years","Rent"
"d959a0ee-3b70-4344-a4ec-faecafd20145","10+ years","Home Mortgage"
"a54d79f2-4314-4964-9c88-d1b2f0450a41","4 years","Rent"
"a2a44277-fd9b-45ff-a28c-9a4c3678c41a","7 years","Own Home"
"597b6a21-89f4-4c78-83a4-ab24a7725c52","1 year","Home Mortgage"
"df888b2a-d3e8-4351-93b6-acf3ab7e17c6","4 years","Rent"
"1ccd46bb-adc7-4676-a406-f3eeb3dbb284","2 years","Rent"
"9f4ebd2a-621d-44c3-b4cc-02952d3227e6","< 1 year","Rent"
"642ec47d-8e65-4bbe-908b-a440ad279979","7 years","Home Mortgage"
"a239a831-642f-4cf8-926c-beac6ee5f36d",NULL,"Home Mortgage"
"a5590971-4224-4f70-bfc1-a561c65e01ec","10+ years","Home Mortgage"
"b80882aa-56b6-4e07-9897-c33e506ec24e","5 years","Rent"
"7e53c8ce-62b4-4587-89f0-76b039b0ea1a","< 1 year","Rent"
"58fe46dc-0b80-43db-8df9-80b7fb75924d","4 years","Home Mortgage"
"aed4c830-c921-4cd4-8fc8-f2622828d3e9","8 years","Rent"
"2b0b8447-335c-408d-9226-919788601a79","10+ years","Rent"
"78d34582-bfa9-4905-87f6-e2388392350e","6 years","Home Mortgage"
"8980f73f-9444-476b-9f9d-a03b7cbca798","8 years","Home Mortgage"
"a4daa4ec-bafe-4c1b-960e-905b5b2644f0","2 years","Rent"
"b183e74e-c2f5-44ca-82bb-edfb87dca58c","10+ years","Home Mortgage"
"cc8b7adc-f294-45d6-9348-240f1899f6cf","8 years","Home Mortgage"
"dcc6ab9d-f70d-4b50-975e-4c165c09b9af","6 years","Home Mortgage"
"445a6146-6b1f-47c1-8550-cf396f30d24b","2 years","Home Mortgage"
"d1eeca26-b38a-4b30-8687-9572e214c88f","2 years","Rent"
"a516d48a-155e-4cbb-8710-43bddd55b655","< 1 year","Own Home"
"6e74edf5-0498-4171-9123-f7f637520240","< 1 year","Home Mortgage"
"f4e50dd6-fd48-4d7d-8f4c-c4da73af8194","10+ years","Own Home"
"87c44b01-2054-49f0-872d-cd0f4e503385","2 years","Home Mortgage"
"58e605ce-de2a-4851-9126-022c7591fc2f","6 years","Rent"
"ffbd01e5-5886-47fa-82e7-0c29cb14f30f","6 years","Home Mortgage"
"5f88aa1b-7526-47b4-99cf-51671f27817c","10+ years","Rent"
"7d0315cd-ebd7-4580-b1fd-5396d5719556","3 years","Rent"
"6885de95-8a49-4ddb-a8da-b4d3bbb88190","2 years","Home Mortgage"
"f17b80fe-d2b7-4015-944a-b61b9ec5f13a","2 years","Home Mortgage"
"6f0fb886-cacf-4e15-82cb-d125472a0c7b","6 years","Home Mortgage"
"2ee68db3-8790-494b-b328-c308a1234cd1","6 years","Home Mortgage"
"0c4d94c3-2e19-4e78-a4f2-bc6e3b40d5cb","10+ years","HaveMortgage"
"b594bff7-3030-4318-933e-427e57129cb7","< 1 year","Home Mortgage"
"865bd443-5b86-4b07-9218-8dffe43209fc","6 years","Home Mortgage"
"3ba73ec7-aa01-49b2-beb0-53eaab294c0a","2 years","Rent"
"f06b759a-06f2-4061-b10a-b09e05b04d82","7 years","Home Mortgage"
"ef3ea28c-01b1-478a-aa98-4ea0b3398a15","10+ years","Home Mortgage"
"271886d9-a9f9-4d48-b335-c6386e852408","6 years","Own Home"
"4eab7a13-91ce-450a-8d34-e85e2c11570a",NULL,"Home Mortgage"
"b2f2d7d2-e4c6-4f63-8dc0-e6ef40555d4a","10+ years","Rent"
"c98e31fb-7471-4a58-9cb7-a04c8104abd8","1 year","Rent"
"78975426-c4c4-4fe8-87d9-2f067a3130cf","< 1 year","Rent"
"535b4968-b8f8-45a0-8840-796cc7ec0098","< 1 year","Rent"
"f104bb8f-a70d-4e89-8dae-81db356d8452","10+ years","Rent"
"8b3823d4-d69f-48cc-b829-a97174e1d5fa","2 years","Home Mortgage"
"fc22174a-fbb3-4cc5-bbbe-37846690c20a","1 year","Home Mortgage"
"ca3da155-a63a-4d39-b8b4-898b0e6c28f6","< 1 year","Rent"
"decba3f3-c30b-4116-821f-b26898388a7e","2 years","Rent"
"cf3d93fb-6762-4a14-afa9-05b252698f34","10+ years","Rent"
"03709adc-3272-4711-9845-70f4cb09550a","2 years","Rent"
"edfb58ce-4aaa-4ab9-a448-caba8034a937","10+ years","Home Mortgage"
"de7e5f8e-bdf9-4eaa-8266-9e16da5be3c2","4 years","Rent"
"884afe37-a98f-4454-ac38-512e49de8002",NULL,"Home Mortgage"
"5f8d13d9-fc42-491d-beb7-6872bb2e8b8e","1 year","Rent"
"f48c2e72-a017-483f-8bd2-c260d081cbee","4 years","Rent"
"42790d99-2adc-4eee-9c18-1937c3b43424","7 years","Rent"
"bf7c49ea-940b-4958-8f60-55f45c3d57c8","7 years","Rent"
"b4e257bc-1da0-4273-9272-0f93d9b26e3a","9 years","Home Mortgage"
"5d39e9c4-d45d-4f24-a767-8e96ee964643","10+ years","Rent"
"4ae48a91-7be2-40b1-a66d-6f7d5b6b5e7f","10+ years","Home Mortgage"
"cadc3a31-59f7-4e44-86d5-1244409aa0a3","10+ years","Rent"
"315c2ccc-48c7-4f48-bf39-ab34f49a8c31","10+ years","Rent"
"09c612b9-a6f2-4a03-9901-160dbc03b4a9","10+ years","Home Mortgage"
"17f9fb19-deb1-4746-a388-491b55556cc3","10+ years","Home Mortgage"
"0cdf50b9-efc7-4577-8bf6-6ff6ffdf86c1","10+ years","Home Mortgage"
"55ee39ef-0a44-4b79-8154-a512c22bdb97","3 years","Home Mortgage"
"bb433d07-83ce-45b4-95aa-88f6da823bbe","10+ years","Rent"
"1a5685b7-450d-44c6-9390-2e16387f7cd8",NULL,"Rent"
"a7a06859-14a2-4e5b-ab74-92fe625a229c","6 years","Home Mortgage"
"0363c6d8-3b43-4266-92cf-113e1fca7d5c","3 years","Home Mortgage"
"4eb7b183-8053-4d35-b012-7ff377223980","9 years","Home Mortgage"
"35831535-e42c-4109-b006-4685c874a6b2","10+ years","Rent"
"0a0ed036-ce6b-41a9-b0ee-8db814a85425","2 years","Home Mortgage"
"3c6f7594-ac3f-4a3b-8546-61137ee93213","5 years","Own Home"
"1818da89-2018-4750-b7e4-70ba4d13e86a",NULL,"Home Mortgage"
"96014749-34d9-4449-9a6d-874b6b762986",NULL,"Rent"
"8d3fe0d8-97d9-4e39-9d69-a030e72ba161",NULL,"Home Mortgage"
"160993af-7836-4e58-9f0c-1c894dc1b764","10+ years","Home Mortgage"
"faa524e8-2e89-414e-9a18-3042d1ef9166","10+ years","Home Mortgage"
"77cc7b59-b2db-4c65-bfb6-d878b1a228fa","3 years","Rent"
"7352605a-a1fc-4f3a-804d-bb7df0dbf646","2 years","Home Mortgage"
"6e1f347c-42e6-46e5-9af0-e982346990c1","4 years","Home Mortgage"
"f4f1de27-a30b-41c6-9357-79a73a23ed12","10+ years","Home Mortgage"
"6d385ad8-34ab-4eb7-8364-97a516c00e3a","9 years","Home Mortgage"
"37e59c53-92cc-4abb-a7d4-918188a8c485","3 years","Rent"
"d0a8be34-eef9-4005-beb5-cfb5b0468222","10+ years","Rent"
"86b76475-e158-42ee-a94b-ac9f7916ebf3","10+ years","Rent"
"6c301164-4828-4de3-9a2c-767bf95e9c23","10+ years","Rent"
"a7802168-2b18-49ef-b6a5-a88de894c9b1",NULL,"Home Mortgage"
"e8ddad09-0042-42d4-93aa-b45dd89fbddd","10+ years","Home Mortgage"
"a7f14ec6-d7f1-41c1-8a88-69fd6a5d807b","4 years","Home Mortgage"
"efe184e6-8ff3-437b-9990-9cd1870cadf3","< 1 year","Home Mortgage"
"c89321f5-ed4f-47b7-a45b-198cf02fedd8","7 years","Rent"
"2a01b536-ed56-49a8-b2b6-b07f131cb7dd","10+ years","Own Home"
"3d31b81f-ea84-4e18-8b0d-2027e26a4ca4","6 years","Rent"
"d532715b-a0ea-4ceb-8b35-71f5a626815e","4 years","Home Mortgage"
"023fa202-c60a-4d28-9961-3fe45d280800","10+ years","Home Mortgage"
"121f643b-6e0c-47c6-87b6-b9a924207efa","2 years","Home Mortgage"
"314a1015-c9e0-4fd1-bc2f-f210436d1a62","10+ years","Home Mortgage"
"eb62bb6a-89db-4c1e-81ee-219ca7dff471","4 years","Rent"
"f51f824d-fb8a-4ab6-b211-4db6d706b00c","10+ years","Rent"
"847a95e9-1543-4b45-8b42-3b93b5acc8c0","5 years","Home Mortgage"
"1a7fbc55-d351-48ef-b7eb-d1680fb416cd","5 years","Rent"
"cb675274-6c28-4bf7-a075-5cc990cf5c51",NULL,"Home Mortgage"
"0ec4572c-0882-4245-b2a1-7015771148b7","3 years","Rent"
"ba68a268-8b71-4107-950a-8c5f17a76950","1 year","Rent"
"a7f73a96-01e2-457e-846e-5c8d18d4221a","10+ years","Home Mortgage"
"8e3e3601-6f19-4818-8915-4c3e3f58c2fd","10+ years","Rent"
"ceeff234-9aa8-494f-9935-e1a963b27960","7 years","Rent"
"14caac2b-1ab5-4625-adce-733b26643f70","2 years","Rent"
"ab46b1a7-f937-4ba9-ac98-270344120cf7","< 1 year","Rent"
"d3291318-0960-44db-beb2-cae8cf8029d4",NULL,"Home Mortgage"
"471802fa-e65d-4247-92d1-9a838d2b2080","1 year","Home Mortgage"
"9a0ed640-48ab-48c4-9948-5bbb27cd1fe5","4 years","Home Mortgage"
"2a445931-cd27-44c7-838e-c9dede943278","< 1 year","Rent"
"4cb4da1d-b371-4208-8e1a-72d68d6a7334","10+ years","Rent"
"9d65a472-7fdb-4eb8-8fcd-5597554a6082","10+ years","Home Mortgage"
"03f8cd85-1ce1-4754-a955-f32e17eaee60","10+ years","Home Mortgage"
"4e3eee3d-4f66-4a08-8060-154c1cbc29fc","7 years","Home Mortgage"
"21a58539-2489-4b5a-8606-b7a64e606fec","10+ years","Own Home"
"c6abf067-c8b9-44f9-be06-4271cb13e550","9 years","Home Mortgage"
"907ae5a2-9fe1-4093-9d47-94af6af76f0e","1 year","Home Mortgage"
"b36af03c-aabf-4817-a356-cba3f9b80aa0","10+ years","Home Mortgage"
"44836e28-1f4b-428f-aea6-073ab6437c68","10+ years","Home Mortgage"
"7c5ef5d9-ff25-4006-a399-cee0e175e54a","10+ years","Home Mortgage"
"3d6b26e0-e22a-4b63-8f4f-aecc83b723b9","8 years","Home Mortgage"
"35de5f47-b2b9-4e16-af6a-5455ade15f11","5 years","Home Mortgage"
"23fbae3c-895e-43d9-bae9-077999282de3","10+ years","Rent"
"3cec97a7-6e88-4d1c-8ce1-b635c7ffd354","9 years","Home Mortgage"
"6c9bb30e-e5eb-4b42-a5af-936e5f86bf00","2 years","Rent"
"f8fe1ce7-dd1b-45e4-86d8-1446b353b817","< 1 year","Home Mortgage"
"67df0dd6-0eba-4a63-b3cd-e9333d9e8e79","10+ years","Home Mortgage"
"65fae922-65ac-42d8-910a-d43c187b0c07","10+ years","Home Mortgage"
"bd34e363-b56a-4c33-8c77-0a49d20728ac","7 years","Rent"
"3e6f9a14-595e-4c93-b16a-6b9e0691a39a",NULL,"Rent"
"8059ca3a-ca55-4bea-8f6e-d5b353a19d4c","1 year","Rent"
"35ff2d58-59e1-4455-af50-3438a78ed021","1 year","Home Mortgage"
"e9402e8e-ca22-4834-a024-d89e674b5afb","10+ years","Own Home"
"94c953bf-f551-43bd-9374-d41bc899e362",NULL,"Home Mortgage"
"39b4e50e-b907-42c4-9741-322c29dbe476","10+ years","Home Mortgage"
"277f0c8d-3100-4734-acde-eabfda554112","1 year","Rent"
"d52fe572-9db8-419c-91c9-33ec04025163","10+ years","Rent"
"ea4d01b3-bfe1-4759-b165-10a3043c7257","3 years","Home Mortgage"
"b96bd37d-f920-4e89-8707-53349a8a3e6c","10+ years","Own Home"
"e15c3081-4cec-4988-ae46-073d7ef52a61","10+ years","Home Mortgage"
"279c0b13-4338-47e8-8387-5e2abd791216","< 1 year","Rent"
"9078506e-5fe4-461c-a420-66321502c708","2 years","Rent"
"d7887c0c-decc-4fb2-adb2-f6f65c6d4f15","3 years","Home Mortgage"
"e7bbc5c3-bd7a-4803-a170-7eaa2d8de78a","1 year","Rent"
"4448c50f-658f-4897-89b0-8da53c60cbb5","10+ years","Home Mortgage"
"78bd8382-79d1-46fb-b73e-13549f184e9a","1 year","Rent"
"7b1a2716-7c87-4cb3-9524-214c04ab6312","1 year","Rent"
"62550808-4d89-4058-9a93-b8dec2606e71","10+ years","Home Mortgage"
"83375a14-3b11-47e3-adcc-aba68b9aa3a4","10+ years","Home Mortgage"
"a8cc187e-2d6d-4fda-867a-f4b527a5349f","10+ years","Rent"
"87af014b-f368-4d7c-8f8d-8f59d5efc338","4 years","Home Mortgage"
"fd04a9be-10df-4847-92f5-c647e16d40a5","10+ years","Home Mortgage"
"b9254a96-7185-49bb-a1a9-ab93a4adbe24","1 year","Own Home"
"66db7b31-792a-493f-88fb-b576cd826198","10+ years","Home Mortgage"
"86c10392-9210-4d48-a02b-49ff0beff2de","< 1 year","Home Mortgage"
"9ac101a6-a72e-4ecb-ae9c-091200a88209",NULL,"Rent"
"834b3cbc-fdb2-4084-9dfc-9cdcae945acf","10+ years","Home Mortgage"
"eb069b14-27ec-4f73-ac76-ae19d18cef36","3 years","Rent"
"93bfe4f9-4421-4add-8e13-0a84235cee68","4 years","Rent"
"636578ec-e081-49f7-9fec-638d65a36050","1 year","Rent"
"7e2225b8-85aa-45ea-a7e5-e36bbdd6b818","9 years","Rent"
"af9daf28-5add-454c-8a37-4ea08e5593dd","10+ years","Own Home"
"25f9b079-a3b3-4f09-9611-dc0ea52c8d33",NULL,"Rent"
"bde40503-813e-4548-a1fe-ca854c725cf8","5 years","Rent"
"6cd3f9d2-fa0c-4cf3-b0ce-de0d07daebc7","5 years","Rent"
"9cfde7db-c5d9-40cb-84e4-210f6b28204d","4 years","Rent"
"21fd514c-1391-4f7e-bdb0-40e42abffa38",NULL,"Own Home"
"a6f2c994-d1ca-4230-98de-8e7c0f77daf1","10+ years","Home Mortgage"
"86c15f3a-1d5d-497c-8780-0d3935c0a927","3 years","Rent"
"46918079-5f39-4ca0-b881-fe0e13db717d","5 years","Home Mortgage"
"35d100c3-3fac-42fa-8344-6d1c1e8a7e5c","10+ years","Home Mortgage"
"8aacac3d-297b-4853-b81d-4d0a86cefa73","10+ years","Home Mortgage"
"df91f048-5e68-4921-877c-32f03638953f","4 years","Rent"
"67fe8a0d-24d8-4d2c-a212-301c782b0bbb","5 years","Rent"
"e758f401-7fae-409a-8a8f-54dc97a29e14","1 year","Rent"
"917fae66-8e65-4cea-8888-c52996f6f7dd","6 years","Home Mortgage"
"e5bac7ba-ee32-48e5-a24c-4ed300c4996a","10+ years","Home Mortgage"
"01d4703a-b407-4737-aa0b-21ae1f759cdc","8 years","Own Home"
"1d1be6af-4f27-4ff9-b1b1-093cf6c292a0","4 years","Home Mortgage"
"7090815a-263d-4b9d-9e35-06f8df9ddfd2","5 years","Rent"
"994cadf0-0f3e-4ca1-9f65-171ab50b572b","10+ years","Rent"
"b99a249c-a1e8-4322-b109-6ad4c085abd8","8 years","Rent"
"0ea38510-e4fa-4271-ab0d-cf0a005da8ff","1 year","Home Mortgage"
"90ae759f-f8c8-41b7-ba0c-e0d1a334f568","10+ years","Home Mortgage"
"93035ff7-abf6-4594-b4dd-311b27fdc293","2 years","Home Mortgage"
"bf18ff24-a3f4-43a6-9681-2cc2c4aa383c","10+ years","Home Mortgage"
"30f76659-bfdf-42a3-9468-7deab5c7628c","3 years","Home Mortgage"
"e912ddc2-7e6b-4bdb-9789-f018e98d545f","10+ years","Home Mortgage"
"287ed51c-6930-4d09-8110-f2632691d379","10+ years","Rent"
"be7854ab-8631-4c85-ae9d-988847bcc8bb","9 years","Home Mortgage"
"d3957d15-9fc0-40c6-ae93-a81dccb30018","6 years","Rent"
"c0b14676-6848-4f87-b8e1-d18ebf229a98","10+ years","Home Mortgage"
"c62a4a9f-659c-44bb-a0a8-ab18d2caa2e7","3 years","Rent"
"97c74279-0e75-4470-b870-c2549bafe481","3 years","Rent"
"80ac7202-710e-4b07-a850-dda14db27dd5","2 years","Rent"
"b2432894-f244-4e24-a344-651609be1420","3 years","Home Mortgage"
"c5396ed9-5ba7-4839-87e4-ba89d333f9e0","2 years","Rent"
"0bfa5f34-ee9c-4366-b656-08f4540b198f","3 years","Home Mortgage"
"529ae1a0-365c-4f30-96c9-217b8128b4e0","4 years","Home Mortgage"
"0089b9a3-1e98-40dd-9f2e-85aae2a6cb4a","4 years","Home Mortgage"
"c48261ff-f75b-4e0d-acc8-d0b379f82043","2 years","Home Mortgage"
"514e1564-cf7a-4b14-993e-f3a92c28975b","10+ years","Home Mortgage"
"0c525c1d-15ec-499e-858d-4b32a5fa8a97","2 years","Home Mortgage"
"33fe01b7-03a2-4b28-a52a-5614a33e5cd6","8 years","Rent"
"13e096cd-097c-4b51-8c32-c57776e6d263","3 years","Home Mortgage"
"f07498c8-c9ae-463f-8c8a-2736112aff77","4 years","Rent"
"7da65710-9929-40ab-b7f5-d2c2db06adb0","7 years","Home Mortgage"
"294d2722-9e0f-45ee-a1fd-cb60925fcc3e","1 year","Rent"
"80a8c004-596d-42b3-8356-f5ce225b11dc","1 year","Rent"
"986a9a6c-4577-46b4-8efc-79ea23c2fec5","10+ years","Rent"
"f4786c56-1c62-41e7-9946-d9edf07d8491","2 years","Rent"
"a901260f-8913-4d1d-b9ae-6ac4c8ae2fda","8 years","Home Mortgage"
"489b3039-0965-4d77-ada1-93f19f9e5e94","10+ years","Rent"
"c0144ec8-abb0-447e-8637-063a93f1a6dd","9 years","Home Mortgage"
"488ad40c-c9e3-4c56-8cdc-ebb49305ce25","4 years","Rent"
"4f8a034b-1384-48ec-a86d-2c0a2cfe390e","5 years","Rent"
"359270ce-98da-4061-b44d-f0d8badb452e","8 years","Rent"
"1e8b7f7b-2457-4e41-a98a-81331aa0584f","10+ years","Home Mortgage"
"9ce42db6-b72e-47f5-a49c-74014a4a7bde","4 years","Home Mortgage"
"7a0a192b-0424-44e3-bc72-d29cda2084b6","3 years","HaveMortgage"
"45dcf323-b32c-4162-85c3-acaa3f2319c4","5 years","Home Mortgage"
"c3c81bcd-a37d-4b94-850b-ea17e0fc173b","2 years","Rent"
"01c3faa5-4779-415f-99a1-2fc4e18b1ef0","3 years","Home Mortgage"
"8b7a6700-768d-46a2-929e-3b0053404c36","6 years","Home Mortgage"
"3ca9889c-d8c7-4e4d-a0d0-943eddeca023","9 years","Rent"
"3219b489-52ab-4f25-81e7-cbd0fb6b1191","10+ years","Home Mortgage"
"88e65c1a-6017-4b90-b665-cab74ecc5111","10+ years","Home Mortgage"
"3c8fc36b-be7a-4ba3-87ed-41bb85d9c82e","10+ years","Home Mortgage"
"b5a178d9-ec6d-4135-9350-55627eabd014","2 years","Rent"
"f39d6f83-07b3-4776-a3b4-5a4534f41ae9","5 years","Home Mortgage"
"fd1688de-094b-43e1-a37c-94c0f457636d","10+ years","Rent"
"91378b9c-ca3a-4c12-a0dc-1394d30be104","10+ years","Rent"
"5c206a5b-58d6-45b2-b04c-afc78fd2e626","8 years","Own Home"
"3b4bdfd5-04df-44b5-b4bc-a18f23d9f543","10+ years","Rent"
"982182e0-0b3e-4129-ad3c-6fc16f4783aa","10+ years","Rent"
"a19d9e8c-59ba-4947-b93c-d8a2fd69aa6e","5 years","Rent"
"81b04d9b-7d6e-40ec-b92a-263e41bd8239","5 years","Home Mortgage"
"a02041a6-5e86-419c-b310-81dbc197a429","4 years","Own Home"
"05be333d-e498-4135-86bd-71f66f22046e","9 years","Rent"
"e2ff8f23-4dfe-4e67-91d6-0576fdf3d3fe","4 years","Own Home"
"bcfc5daa-1875-4b43-9959-326bf1f020f1","10+ years","Home Mortgage"
"42853f5a-caf5-4ddf-aac7-756d76c3455c","3 years","Home Mortgage"
"f28fdba7-d8f7-4dfa-ad9b-d0dc72626e0d","7 years","Home Mortgage"
"95b045a4-d135-42c7-b8f5-c5e681fedfdd","4 years","Home Mortgage"
"5956b460-87f2-466a-8d49-338fdd1c313a",NULL,"Own Home"
"86eb3c64-6f2e-4d6d-a60b-38b395d17aaa","8 years","Home Mortgage"
"09ee63a5-6cb1-4932-af98-24c383ed9ce5","5 years","Rent"
"005c1c39-6a07-45e1-8765-4371ab87ebed","6 years","Home Mortgage"
"9163d180-dd9a-4000-898b-8048b51b9888","9 years","Rent"
"3b667742-8ffe-490d-98c8-36a4a320be23","5 years","Rent"
"70753e1d-62a0-4b15-af37-0b714db50afe","6 years","Home Mortgage"
"7c56471d-9264-446c-aea9-bcc97aef3912","6 years","Rent"
"06bf7420-6e3a-46c5-ae3d-0886083db6e6","8 years","Own Home"
"e222d43d-f599-4d55-a2b4-b2cd9fd30e69","8 years","Own Home"
"1fc91e0a-c35a-4042-b5fb-b7e89f60146d","10+ years","Rent"
"7fcad6e2-0549-426b-be7c-ffe7f31bdbc1","10+ years","Home Mortgage"
"2ef213c3-9919-4851-be10-8ccacecb9a4f","1 year","Rent"
"a8b43ee6-0155-4e11-9a00-f19f832930ba","2 years","Rent"
"a1c84742-4e01-4a1a-ada3-029775d773a7","4 years","Own Home"
"acce851e-641d-4ebb-affc-45346df60602","1 year","Rent"
"7b0966e6-231c-4443-a446-cd378b51ddd6","3 years","Home Mortgage"
"c0342d1a-fe13-4ccd-85ef-47eecf2d352a","10+ years","Home Mortgage"
"97ecbf72-0752-41c3-8b1e-c1502f1df5d4","10+ years","Home Mortgage"
"525a4cbf-87dc-4623-ae8e-1641af410590","10+ years","Home Mortgage"
"3878d3e2-a8d8-400d-8ae2-5b460d609913","< 1 year","Rent"
"adb067a4-39d8-418c-a672-837f84201faa","10+ years","Home Mortgage"
"d2ce0e2b-43ae-42af-8967-2351a4d06af2","10+ years","Rent"
"f1edd45a-607c-4712-b661-36435d7a753a","< 1 year","Rent"
"fcb2fe66-fe21-4afc-8c91-d67273563d26","4 years","Rent"
"3272e293-7cea-4e6d-9faf-be025b52f3a6","9 years","Home Mortgage"
"f5bfeb48-47d2-49fc-b1b0-753356004cc5","10+ years","Home Mortgage"
"46da16d2-4b4f-4f73-b4ae-e6a778af2ef1","< 1 year","Rent"
"6cdb1de1-e420-4734-84a1-e42f9a3af7da","10+ years","Rent"
"6dc92657-2320-40cd-bbb0-515287fd4033","3 years","Home Mortgage"
"55a84bbe-5ec0-47a3-9d29-b9c3b7708e68","1 year","Rent"
"12f7d0e9-66be-4a6a-9d1b-d1e3779da118",NULL,"Rent"
"9f70483e-90ec-4f3b-a90e-21ae4ef76eb9","< 1 year","Home Mortgage"
"7a8fcb05-e8d3-449e-8379-a1c6d2500d48","< 1 year","Home Mortgage"
"c0af1fb1-7c34-46ad-bc06-b742f44c7f2e","10+ years","Home Mortgage"
"5bc78d33-49c5-4f9a-834b-e726309106b9",NULL,"Home Mortgage"
"4b0ad1aa-c7c6-40fb-ba30-4c19c5fd9508","4 years","Home Mortgage"
"a632ac98-65e0-4871-8dcb-c78deb9a1158","4 years","Home Mortgage"
"9ed1cd35-8374-43b8-a683-961004917032","10+ years","Home Mortgage"
"e821735e-ec9d-46d7-a8c6-4142629d7045","4 years","Rent"
"7aa65e91-926c-4e4d-949c-0e63a72bb5bc","5 years","Home Mortgage"
"d7f9c457-1001-4f8b-bf74-24cdb67adefc","10+ years","Home Mortgage"
"e32dd752-4b67-4d08-8a23-3970d69c0266","1 year","Rent"
"d1d30005-1f5e-4aed-aa30-e56fd3d50f88","1 year","Own Home"
"144df0a2-30a3-4224-8d51-4a04563e2bd0","5 years","Rent"
"4d35c0ce-d663-4b9f-a2ee-fe39e6006659","3 years","Home Mortgage"
"4b22d634-71bf-4e1e-8db9-27d9571a7e63","3 years","Home Mortgage"
"15ada1d7-0ee1-462f-9623-2de3a0da2ea5","10+ years","Home Mortgage"
"2f084f8f-afbd-44d2-939d-c914fbe9b62a","2 years","Rent"
"6491a9a1-488c-4d4b-8fd4-cd7362f5b318","8 years","Home Mortgage"
"dc327cb6-0187-492e-966d-6fc1882ba662","4 years","Home Mortgage"
"b40f89f8-aa26-4fe6-bc2d-756562001ac2","< 1 year","Rent"
"98abffdc-c2d7-4416-8893-b081628d8767","10+ years","Home Mortgage"
"f81be240-d5ea-440b-a95f-199a845d66e8","3 years","Own Home"
"d3a48c94-0848-4d92-a3f2-143d3ee25750","10+ years","Home Mortgage"
"7393cb63-a4db-42cb-931f-d909baef6381","2 years","Home Mortgage"
"89ea7100-67e2-404d-a708-e2d8593122b4","4 years","Own Home"
"2c84d7cb-d702-4479-bc5b-7cf5a9f0e1c8","3 years","Rent"
"1838844f-8c15-49c0-a5e5-6bad4e5d30ef","4 years","Home Mortgage"
"fdb1f63e-b46d-437f-bae6-062b7ed14cdd","5 years","Home Mortgage"
"b4a75c42-b909-4307-ac0f-09cf1b186eea","6 years","Home Mortgage"
"3d0ca2af-8ce7-45cf-b804-dc315671e47c","10+ years","Home Mortgage"
"b64a9da6-0107-4012-bba3-2057ae6efbb2","10+ years","Rent"
"88883a49-e435-445b-939a-167ca08d47f2","7 years","Home Mortgage"
"260809c5-f100-49d1-a1c9-a73e1f02bbff","5 years","Rent"
"ab2e62f5-cdde-4939-a971-7e334e0ab26c","8 years","Home Mortgage"
"c08b3ba3-53f4-4d42-9cfb-df4382418e02","4 years","Home Mortgage"
"4bfbef83-43cb-4f97-83d8-b8fe05fd4a57","1 year","Own Home"
"f9dfd867-61a1-469b-840e-71d0c4a2e631","5 years","Home Mortgage"
"919ec1ef-5fe8-465a-8b3e-8442108780b6","10+ years","Home Mortgage"
"cdd7fa9b-100c-46e4-807c-5fd55a682c95","7 years","Rent"
"af703c39-6da8-4954-afb0-2641eefba352","< 1 year","Home Mortgage"
"2b1de31e-8f93-40ce-b05d-d4628b1d9fe2","6 years","Rent"
"71708fcd-2fd3-4452-b9c1-11dd2a764751","1 year","Home Mortgage"
"485af707-d563-452c-b5f0-d6e8d16961ca","9 years","Home Mortgage"
"fe8387b1-9a58-4774-b935-23871e1e5450","3 years","Home Mortgage"
"058cea79-8bb7-4ac1-9b7d-c698263e3622","10+ years","Rent"
"040a5b08-32b2-40db-a2bd-09a0d85e2c75","10+ years","Home Mortgage"
"d39c970b-ed77-43a5-9bdc-672aa33cbf39","2 years","Rent"
"2d43639a-7c09-4b47-86f4-359d631fb58b","10+ years","Own Home"
"96cdc862-e6d3-4aad-959c-92ae79b4c843","9 years","Home Mortgage"
"d3e50309-3f24-4b9a-bd63-05296473b421","10+ years","Home Mortgage"
"5409669b-4de7-493b-9de0-1a4734a7abaa","10+ years","Home Mortgage"
"ecf9e047-4fad-4208-a3aa-30499d6dbb01","2 years","Rent"
"45b57fc5-b081-4653-a862-9671b847575f","3 years","Rent"
"1af5d57e-5f41-4179-8cd0-0861fca3cedd","5 years","Own Home"
"9434bb58-ec87-4e87-9177-25b9ea9c3b58","6 years","Home Mortgage"
"31d33215-6af6-4b2b-954f-5d626138fa21","10+ years","Home Mortgage"
"a510c793-480a-4511-bce4-fef730ce2a10","5 years","Rent"
"43882ab3-c3a3-4d84-91c6-811ddd309f6f",NULL,"Rent"
"50766172-6e2a-48c2-8d3d-40140b28a43e","10+ years","Home Mortgage"
"cd31f1ff-1388-49de-9c8e-624292735830","2 years","Rent"
"7fc3ea13-7274-446a-b5d0-a82980065b03","10+ years","Home Mortgage"
"2a336913-4dc5-4657-be02-6e6c96aef479","< 1 year","Rent"
"0e08ccde-bc5d-4523-8186-93ebf58083ac","< 1 year","Rent"
"6019769e-7c0e-464c-bfb5-ffb2846a0e2c","10+ years","Home Mortgage"
"78d2100e-deb0-46af-b422-98b4ce2c301f","6 years","Own Home"
"db287e7b-2d6e-438b-a193-9aeb676ae4c1","6 years","Rent"
"98fbe987-4102-4f0e-91c3-19f7e80e1f08","10+ years","Home Mortgage"
"121da01c-1787-44ec-9e7e-97051b47b465","10+ years","Own Home"
"aca451fc-db23-4d9b-abff-0da9115648a9","8 years","Rent"
"41e70412-d206-4b83-8fe8-fc402a235a04","8 years","Home Mortgage"
"9449d282-eb22-4e87-90f6-8b1642d47375","10+ years","Home Mortgage"
"75b6f4dd-b3c6-4220-969f-54c372c22e1f","4 years","Rent"
"ca09fedb-53b7-445c-be75-58eeaf0317a5","10+ years","Home Mortgage"
"be8343f8-4c74-4450-85ee-ffd3dab35b8a","1 year","Own Home"
"a33d1bf8-f73d-4858-bc29-c45a5c5b02a9","3 years","Rent"
"f9c24e89-c8b5-450f-8841-fcd9cec7fa74","4 years","Home Mortgage"
"fce04ba9-317f-4df7-a5f9-a1bd69e006d3","8 years","Rent"
"9b89e440-9e23-4e14-ae4d-5bcd1c45aece","2 years","Home Mortgage"
"ed13f60c-50b4-42f6-a7b0-e3dc666e645a","10+ years","Home Mortgage"
"dc77eba0-0429-44bb-87e0-88ce3d7dc6d3","6 years","Home Mortgage"
"1030d083-c174-4051-b20c-af7d8dacbaf9","1 year","Home Mortgage"
"dc696953-fa56-4593-9a55-0b3a15c837b2","4 years","Home Mortgage"
"16acb987-ed6d-4981-bccf-bc996c633135","< 1 year","Home Mortgage"
"4cd8f95a-1974-4201-9bb3-c4407dae8b2b","10+ years","Home Mortgage"
"404b9a82-1fb5-4fe8-9e9c-a1bfe38b2c7c",NULL,"Home Mortgage"
"358f1ac4-3cee-4790-becf-462f7c01e5de","2 years","Rent"
"8ce48a9b-f9fe-4eb5-b400-220822b8660e","4 years","Home Mortgage"
"0ae12723-f0b0-42a7-aa49-a8253d1d3697","3 years","Home Mortgage"
"bef198dc-af56-4a47-bbbf-e2164e0fd9ad","8 years","Own Home"
"5a23a6b1-6292-47d4-a8f0-6743c97eb370","10+ years","Home Mortgage"
"3ffb0266-65fa-410d-a65a-569ac504ec01","9 years","HaveMortgage"
"b9780ccd-cae9-4727-a002-1549fc0ac424","1 year","Rent"
"76a0e6fc-cc80-4977-ac31-9248ece234b3","2 years","Rent"
"1b643740-54c8-493f-8bfe-b2d1645c3a19","3 years","Rent"
"4237e26b-6a82-4b5a-8906-51db1c66718c","10+ years","Home Mortgage"
"562b632e-fcc1-438a-9748-951e1d9867ce","1 year","Rent"
"7a4cca06-82cf-4231-a48a-fc9f69262242","2 years","Home Mortgage"
"c81a3693-b832-4a9a-bec0-722932d0ea54","10+ years","Rent"
"240579ce-b0d9-4d5d-9681-c9e38d7c638a","7 years","Home Mortgage"
"2b8ce339-04fe-4247-b357-fc1ea38eccf7","1 year","Home Mortgage"
"55df5dac-6c24-4b89-ba00-41b1d89c2258","9 years","Rent"
"cd840ed8-f67f-43da-98b8-228af20f19c6","10+ years","Home Mortgage"
"0de9ae4f-0669-45d4-97ad-5a71425ac218","10+ years","Home Mortgage"
"a82ed54f-4dcb-4dea-aeaa-1676af5f6d88","10+ years","Home Mortgage"
"ceef9374-a4c3-4518-acf9-2a2fd38768ba","10+ years","Rent"
"ad4cef79-7205-4b52-b573-ed285926e547","2 years","Rent"
"de78587a-56e8-495c-9a23-a2921b1f803d","10+ years","Own Home"
"858a7ef5-165d-4667-84ea-6d2e8bfedc15","9 years","Home Mortgage"
"644c8a1d-3e59-4cbf-9fc1-238399b28477","2 years","Rent"
"0021712b-ea5a-4478-80e7-4789321f830a","8 years","Home Mortgage"
"3463ebf8-6567-4a00-a378-51cd39c932b1","7 years","Rent"
"8f6929dc-88b1-4b8c-a87f-e1e4457c60dd","3 years","Home Mortgage"
"0fd78fa8-8d1b-4c3d-a3f1-4ce161b1a2da","4 years","Home Mortgage"
"823293b1-6fea-4db4-b406-2d68e574715b","10+ years","Home Mortgage"
"780a5a3e-61e6-4473-b00d-a4109f2361a6","1 year","Home Mortgage"
"7d91c943-f6f8-45e9-aedc-cdcddf7401dd","10+ years","Home Mortgage"
"2a77ea34-2350-483d-a390-c76268532c1c","8 years","Home Mortgage"
"8d5a2ca0-943a-46a9-8b29-cffee22436c4","10+ years","Home Mortgage"
"9f62fff8-b67f-4ba1-be06-1c9af63cfe52","2 years","Home Mortgage"
"99448ea6-a7c8-4977-a08c-69bc343985a7","2 years","Home Mortgage"
"f7711fe4-6384-4ad3-8604-fb8ebf0c527c","10+ years","Home Mortgage"
"839089ec-b35d-460c-b623-da93ffb39960","3 years","Rent"
"7fff04e9-478b-4da3-acfd-6a5c0f949ddb",NULL,"Rent"
"d103a2d9-3534-4715-b33d-458f45697a66","2 years","Rent"
"e6446832-189d-488a-a695-a9589b523962","10+ years","Home Mortgage"
"a77fcfef-91ab-400b-89ec-4b18e66301be","2 years","Rent"
"25647df0-688c-4181-948b-d2d6d3277e1c","5 years","Home Mortgage"
"3f8e5612-feb2-4743-8b6a-7beb018ad41c","8 years","Home Mortgage"
"d2e7d8bf-d1ad-40b3-9d17-45e0aa8fcb9b","< 1 year","Rent"
"53049afb-6bac-44f9-91b4-ba3f7e263920","10+ years","Home Mortgage"
"d387058f-3b39-48ab-9eea-10e3c70ede07","10+ years","Rent"
"cf1765cc-be60-4fe6-8b18-249245fa037a","5 years","Home Mortgage"
"f8e19364-1e97-4ceb-9054-1145091a633f","8 years","Rent"
"a0bbfba5-c0a0-44b9-9ac2-e6404bd6607b","1 year","Rent"
"b3b7b6af-f415-41bc-879c-45b4d8566c36","1 year","Rent"
"af81a0bf-85b7-42b3-9e6c-bb3f4c5f89a3","7 years","Own Home"
"7420fe92-229c-4643-a3ad-4d12ce7c1f6d","1 year","Rent"
"5e255085-de6f-4e39-b35e-c1a86231d357","4 years","Rent"
"106c85d5-cdf6-4323-99d3-22d993aaecd0","7 years","Rent"
"2158463f-c6e7-4985-86ea-c38e06b924f7","10+ years","Home Mortgage"
"064d7dae-46be-46c8-b635-459f33cc3b3a","3 years","Rent"
"e6f03157-2859-413f-b8e4-039707805c4b","10+ years","Rent"
"f04a5152-3154-426b-8647-4f9ce778f861","2 years","Rent"
"057a4126-5b06-4b0a-8d3e-37c272cd2003","6 years","Home Mortgage"
"c49e61bf-8cee-4519-9de4-84ca2499a87c","4 years","Home Mortgage"
"0f002804-4b3c-4ab3-a5ad-331f1548ca2c","6 years","Rent"
"1a445b1c-32a7-49c6-82a0-3e9742e02635","2 years","Rent"
"d5a5f0e6-8396-4647-be2b-62765db34da4","< 1 year","Rent"
"b6c081e1-9fd8-41c2-ae40-166c03119b91","2 years","Rent"
"fb5343f3-f71f-470e-ac14-789b902c6a88","4 years","Rent"
"cc698d70-1b24-4b4a-b886-e835a29e22a3","4 years","Rent"
"716d4bf3-6479-428d-9979-904aaf7a453c","5 years","Rent"
"00fa638b-e857-458f-a849-f76e374cc2c3","5 years","Home Mortgage"
"379e73c5-b1e9-4d58-b345-84f54fe43385","< 1 year","Home Mortgage"
"1a7a407e-f91c-44ea-80ed-f5f4f890a394","2 years","Home Mortgage"
"f4649e39-0bda-4aee-a665-18d1ea6cf9e7","3 years","Rent"
"110c1914-53e0-4639-8773-32d128ca6116",NULL,"Home Mortgage"
"e6664f24-0b69-45aa-9f50-95941f12cd9f",NULL,"Home Mortgage"
"3535c73e-af3a-458a-90d6-0ba0d7a92f27","10+ years","Home Mortgage"
"ef0bd291-121a-4eeb-974e-ac80930ccf00",NULL,"Rent"
"021cfe48-3ce5-4602-ad2b-c21f1473d195","2 years","Home Mortgage"
"bd94000f-f10c-4f88-a464-bdc439f69fc2","5 years","Home Mortgage"
"15e0d842-f101-40a2-830a-ac58c51457a1","1 year","Own Home"
"d37a7231-7dce-491a-bdb6-4688d55711e1","2 years","Rent"
"19941661-98e2-4800-93c9-a0e92057c813","< 1 year","Own Home"
"2f2aa20b-d173-4318-9435-85de7eee4f7f","10+ years","Own Home"
"a645ef75-f106-4530-aab5-24ff886e55a1","4 years","Home Mortgage"
"3c31ad7c-1a67-40c3-b071-62c404235918","4 years","Rent"
"5cf58471-de79-4ce3-9545-6ca8086dc2e7","10+ years","Rent"
"d5e9db4d-98d3-49c6-98cb-c4feca082127","10+ years","Home Mortgage"
"8ce9f4e4-0044-4779-a4c5-66552927d0ab","10+ years","Own Home"
"631347a6-b027-4f5f-8363-594b79aff617","1 year","Own Home"
"756777d0-42b5-4e33-bd4d-58bf1d13f644","10+ years","Home Mortgage"
"bfcb3eac-c8d9-4d6f-a002-0c9a3bf8c685","7 years","Home Mortgage"
"7fd1cdc8-2eff-400d-a705-1602bdbbc87d","2 years","Home Mortgage"
"89d77bcf-9910-477d-a755-0dd046cb35ff","10+ years","Rent"
"6e114107-2576-4a5b-91af-a7669333eca3","10+ years","Home Mortgage"
"e17ed1a4-1a75-43fa-bffb-be294a3f77c4","7 years","Home Mortgage"
"7e90afe4-c090-43ac-b39e-90eed8c2d2fe","10+ years","Own Home"
"206609fa-9e43-4fcf-a0f9-4e7103eecc4c","4 years","Rent"
"6a907e9a-3ced-4f62-adec-6384a589b916","3 years","Home Mortgage"
"2ae52dc5-742e-4377-b498-2070e163aa1d","10+ years","Home Mortgage"
"78b23697-9228-4ef6-a770-478c0171b764","4 years","Rent"
"8f149fa9-23f6-4453-a82c-20ae5ffb6e95","10+ years","Rent"
"3c4686b9-b1f9-4afe-8f92-613aefa52e85","6 years","Home Mortgage"
"51a7e7bb-5520-48f9-a1b8-9813e8107db3","10+ years","Rent"
"a647389d-fee2-463d-86c1-c7b8e9be8d27","1 year","Rent"
"d2592b4e-f032-42c6-8fdf-3023fa3c9ce7","7 years","Own Home"
"67e93ee0-bb2f-4a16-9d06-6600d084baae","10+ years","Home Mortgage"
"5fdf69f6-b95f-4247-afe5-314efffc8bee","10+ years","Home Mortgage"
"f589bab3-3e5c-47aa-b3c5-8617f9098254","6 years","Home Mortgage"
"8075f523-a006-49d5-bbfb-347cba8b4351","10+ years","Home Mortgage"
"1bdb2782-30ef-45e4-b936-48fbc200b5ac","8 years","Rent"
"b756e180-7ba2-4721-a9cc-534c5bb642d2","10+ years","Rent"
"d3b5f171-9216-438d-96e2-5336c3204798","2 years","Rent"
"86242eec-2c69-448a-93c5-c7d128eba38a","4 years","Rent"
"579a0930-b731-47c4-afb0-36ee23e772eb","1 year","Rent"
"8b9f778b-c3a4-4d51-9940-6ae35bc4b7db","10+ years","Home Mortgage"
"4e974240-4b7e-46ea-9d3c-2702989f18be","7 years","Home Mortgage"
"a3e9cb3b-5724-402c-9d6f-cf616d9b7b35","6 years","Rent"
"3b5dda29-a465-4715-87f0-86d6e7dc3e12","4 years","Home Mortgage"
"a91c4290-8a2d-4cdd-bab9-60788dc14eb2","2 years","Own Home"
"01057261-5054-4448-b725-90ba98b82152","6 years","Rent"
"2ad6f371-7797-4609-92af-23eb4a30a4bf","1 year","Rent"
"c3e3bd3e-2841-41a2-8ed8-ace9f6f13a4a","10+ years","Rent"
"1d24a8f4-066d-4289-a245-176061d974b5","7 years","Home Mortgage"
"11d42688-d6c7-4f1d-b32d-547d432050b8","2 years","Home Mortgage"
"29c9b790-ef61-4a5f-9e78-dd614323f044","9 years","Own Home"
"d3008cbd-e499-4080-813b-629b5d6695ca","10+ years","Own Home"
"40e2a136-e855-411c-877a-acff6f143d7c","1 year","Own Home"
"97514ea0-93a1-4b44-8c87-8852571f16a6","7 years","Rent"
"1dabcfda-b1a1-4f89-b858-96d9ccab77a5","2 years","Home Mortgage"
"666c0266-76b1-4f00-934e-6047498e61be","6 years","Home Mortgage"
"173c7174-1d5e-4e59-bdee-354b32a171c5","2 years","Rent"
"21ae217c-b415-4102-b033-9e99c04cb2e5","10+ years","Home Mortgage"
"ab2514e8-3bd4-4d64-8fd0-40533b132227","2 years","Rent"
"719e7e4b-b7e7-4967-9b89-f833d81ccf0f","1 year","Rent"
"a76f88e5-205d-4172-a260-a02d31dc975c","5 years","Home Mortgage"
"fd7eb7a2-a39e-4f4e-b5ee-dec42f3a537a","10+ years","Home Mortgage"
"ab685182-eb88-49b6-aee0-cfb49d50288b","5 years","Rent"
"4891a653-11b6-444b-82ac-e46db980cf91","6 years","Rent"
"c322611d-f268-4a44-82a6-8eec45ae92fa",NULL,"Own Home"
"13dca6a4-d993-4e0e-bafe-9efe877b8669","1 year","Rent"
"c5b34502-10c1-46e6-b4fb-bfd3ecb95d1e","7 years","Rent"
"823589bf-3911-4be5-8a44-368e8db077c9","3 years","Rent"
"676a91e7-f978-4897-857d-b0619a354c08","4 years","Own Home"
"862cb1c6-cf59-4108-9ade-3edbd57ac59e","6 years","Rent"
"85338b3c-6715-4eca-81f4-44540110f1cb","5 years","Own Home"
"510490c7-0e98-47f0-b353-2ad4711c012c","< 1 year","Rent"
"817f26dc-b23c-44ca-a4e8-aa076cb7ea05","4 years","Rent"
"018d5599-8c09-4c98-95ab-6d450dc6e416","10+ years","Home Mortgage"
"7f97ade2-4720-42c6-ab28-9ebcea043cf2","1 year","Rent"
"1cd3aa7c-4376-493b-acad-cb29ebcd9257","4 years","Rent"
"409c81f2-fbf9-4636-a734-f67e176f6589","8 years","Home Mortgage"
"f6af927e-8cf8-4f51-bf42-bc3a84e880e0","7 years","Rent"
"9d1f6f0e-a3ee-4e39-a6e5-727390babdba","7 years","Home Mortgage"
"48c25a2a-a932-4080-9709-81c783151fe1","< 1 year","Home Mortgage"
"64c6b07b-c8d7-47a2-bd19-4a698e6d0863","10+ years","Home Mortgage"
"4509ab8b-fda5-422c-8e71-b06684f71931","5 years","Home Mortgage"
"5d745ebc-1eb1-4a7a-a14d-c71693e03fe6","1 year","Home Mortgage"
"b470a9ba-f292-40c8-8930-bc030ef950d7","1 year","Rent"
"daa1073c-1549-47a6-9613-7e119e969348","10+ years","Home Mortgage"
"1f0bd8c2-ac0e-4298-99cf-a4d5833316a3","5 years","Rent"
"06e9516e-b22b-4659-80ac-aad5e871f195","5 years","Home Mortgage"
"362ee5ad-b494-4847-a3b0-f9cd5ddcd2c0","5 years","Home Mortgage"
"f4c3ce6e-3da2-49d1-8ff0-aeb12bb4a8ce","10+ years","Home Mortgage"
"92791a70-fc97-460a-aa6e-ad0b0a0e68d3","10+ years","Home Mortgage"
"41df3f35-84b1-40f8-908c-35c591d15f2c","6 years","Home Mortgage"
"7e9d3fa1-b9d6-4869-9c37-26a99d3a1143","10+ years","Rent"
"7fbe8108-cfc6-4925-8021-e952321915e0","5 years","Rent"
"3fa09eea-e901-4afb-a78d-adb917a38a45","4 years","Rent"
"c0979432-6b2b-47fb-88be-290b2e0d3010","1 year","Own Home"
"8e6658e5-4eec-4397-ba60-dd279eb6f448","1 year","Rent"
"ab4e245b-381d-4260-acff-8a6a58ba94c0","7 years","Rent"
"4ab01738-05af-4ace-881e-0a435c452a47","6 years","Rent"
"6e89cd20-19f4-4bc7-9e70-590c34a9acdd","< 1 year","Rent"
"66124403-409b-42e0-b79c-61187746de84","7 years","Rent"
"3a749d28-13c8-444f-af8c-788d2d944eb5","3 years","Home Mortgage"
"9e815288-f863-4b4c-bc31-2ef070869c5e","8 years","Home Mortgage"
"b071d166-881d-4f1e-bffc-c5b29ed2622d","4 years","Rent"
"1376430c-3aec-4f17-acb5-c1b4626fbf94","10+ years","Rent"
"cc20dd6b-0229-40cd-8485-610a36c8a246","4 years","Home Mortgage"
"b0e29963-ee8d-4a22-ae6e-15c7fe1407db","5 years","Home Mortgage"
"cf0f4b83-0179-4a41-949c-439f147ac49c","< 1 year","Home Mortgage"
"53577bb1-e451-4e5e-851c-fdaedb667c66","3 years","Home Mortgage"
"bde31ca6-3e9e-4b8e-8f34-c94530d0ca37","< 1 year","Rent"
"082a4886-264f-4a5e-a563-34bf467a5487","4 years","Rent"
"ec96b122-c216-439b-833a-3f683c587469","5 years","Rent"
"0b7ab558-9e37-4bd2-81e1-55a099fdb4e8","5 years","Rent"
"eb0579cb-0c08-4b7b-b1ec-f7ba5ef1e95b","10+ years","Own Home"
"a98bbd37-206d-4f81-a644-dacac1b23e51","10+ years","Own Home"
"48e17c7f-648f-4110-b8bf-cb6c55934cee","10+ years","Home Mortgage"
"d14fe087-6ea3-4ed4-80dc-a2fde0fc5389","8 years","Home Mortgage"
"9b2e47fe-07db-4d5f-9ca0-116e650496d3","4 years","Home Mortgage"
"70d52005-13e3-44e3-8942-f9ba6d920912","7 years","Home Mortgage"
"b913a3cc-c4c4-461f-8553-7ac2a88410e0","10+ years","Own Home"
"51d762c9-4b63-4926-ac1d-64eba303d6ef","7 years","Home Mortgage"
"40f81e7d-9d14-4bf6-bfc4-a19448221d89","6 years","Rent"
"fb366861-2a26-4a0c-80c4-8fdae26e9099","10+ years","Home Mortgage"
"b4689e6e-45f0-42ab-9ff8-61dc0b02f3f8","< 1 year","Rent"
"adfbb01f-2156-471f-87d2-84a91af0d93f","10+ years","Home Mortgage"
"4f09dde1-a987-433a-99de-91f3c2d445e6","6 years","Rent"
"86b62db7-9526-4335-a386-063bcd82cb3d","6 years","Home Mortgage"
"2105a980-75d4-4191-a12b-2e5cc7c18161","6 years","Home Mortgage"
"d891a41d-f475-49a5-b475-d95b072a451f","3 years","Home Mortgage"
"1299f13c-514e-40b1-bb0e-57add6fe3e37","10+ years","Rent"
"64d94dad-740f-4760-bdf6-3562006d7128","10+ years","Home Mortgage"
"b868e021-151d-4d2a-a19c-95ea92295641","9 years","Home Mortgage"
"bde2c558-d1f8-4e9b-8920-ea8241a90ee9","3 years","Own Home"
"eeadd70e-80dc-4ebb-96c9-12a616727898","< 1 year","Rent"
"c3239d9d-1761-453f-8f32-1740e52d5cdd","1 year","Home Mortgage"
"82f5b5f0-0ccb-4e8a-8067-c7e34e6771ba","3 years","Rent"
"3483498c-c247-4329-acec-91aeb5c245ab","6 years","Home Mortgage"
"bcbd22b7-3fdf-4de9-8400-10e62f657f64","2 years","Rent"
"2b374e0f-e505-479c-9f67-77ca8b1a5261","5 years","Rent"
"5f99d4b8-6b1e-4c29-a740-c0f12e6f0888","8 years","Home Mortgage"
"6337b5c4-3745-42b2-9bc9-313b66f6d99a","10+ years","Home Mortgage"
"f41b3508-a8af-4cd4-8b6f-8ed437fb68b4","10+ years","Home Mortgage"
"5d2aedf5-4d9a-409c-a600-d33f3a04e103","4 years","Home Mortgage"
"a0605c6c-50ae-44ce-b6c0-00819a2bfc34","1 year","Own Home"
"8e92af1d-3239-455a-b1a5-9795d4b11bbb",NULL,"Rent"
"5fd1a1d0-ab03-4eb3-89a0-d761f6e2fe09","< 1 year","Rent"
"8d9740d1-d26c-4db6-a042-6b8b6465e366","10+ years","Own Home"
"15f37032-75b5-4dcb-86a0-6a47557cba61","1 year","Rent"
"e65846b9-f042-4bfd-84c2-61688ed2ab17","1 year","Rent"
"da105bec-b959-451e-9830-0f01afb1a940","5 years","Home Mortgage"
"e5a50c20-93a3-4fae-a239-fcb0a899b718","10+ years","Home Mortgage"
"609230bd-f426-4227-8ad7-3da7233314f6","10+ years","Rent"
"cf6e16f5-e498-470e-a26b-be9716e7cee0","9 years","Rent"
"f0031fd4-9e59-4661-8ada-f9a9739a90d9","2 years","Rent"
"79c14eee-bde2-4138-8d04-a4f4567e85c3","10+ years","Home Mortgage"
"e3ad961a-dcaa-4f64-9bc8-3b272bc74ef7","4 years","Home Mortgage"
"6bf8c8ce-4837-4fc7-8c35-fb847a413c17","10+ years","Home Mortgage"
"12edd88d-c4e2-475e-862c-92c7cec78bbe","5 years","Home Mortgage"
"3d2ea5a2-7d1a-47d3-89c9-4e3dd926aaeb","8 years","Rent"
"3b9812d3-595f-48ee-baf3-726f3dc117c5","3 years","Rent"
"f822a943-eda5-4a79-bf70-ff28e86d47f5","7 years","Rent"
"ee7af071-be80-42a0-a5c7-0a3c39b2e3db","1 year","Home Mortgage"
"6eb17931-dd7d-4623-a857-09b59b1b0a61","10+ years","Rent"
"355dd59f-4903-4bed-a1ad-cc31129457f9","10+ years","Rent"
"50d28022-f1ce-40ae-986b-0e6abeca85f8","< 1 year","Own Home"
"620fec8d-80ff-44a8-b11c-cc63d5b6aacf","10+ years","Rent"
"b3d41859-2c02-48e7-a0ae-ff9a4e76ae8b",NULL,"Home Mortgage"
"f97a1cdd-7f92-4dc5-bccf-ebe1da480b0b","7 years","Home Mortgage"
"0bdbef7d-e8ed-4e96-977d-e038a137e597","8 years","Home Mortgage"
"e08c3d21-9329-4b19-a505-d8f287ccf5a7","9 years","Home Mortgage"
"673bcab3-a781-4dc4-95e0-14a78276e6a2","10+ years","Home Mortgage"
"e53e2f03-33d4-4c4c-a387-578ebd999b1b","10+ years","Home Mortgage"
"354fbe1e-b0b8-4a90-a78e-9efaf9b4cba5","10+ years","Rent"
"fad03dfc-cc27-4955-ba69-93fa069e3431","4 years","Rent"
"5350b11d-39c5-4f56-9f46-d8105a481b73","8 years","Home Mortgage"
"6298e152-84e5-4dd3-a4cd-41cd40ef58c1","10+ years","Home Mortgage"
"a992d10d-d4fb-4edf-8614-98b723f1b435","10+ years","Home Mortgage"
"b6a65f31-489c-4f5c-8957-4f402f07a308",NULL,"Rent"
"916d95cf-2225-4ea8-a273-2ae5567be19d","5 years","Home Mortgage"
"d7d34b76-a9ea-40e8-a9bc-9075e9df4361","1 year","Home Mortgage"
"c8568b7f-d4d2-4b1a-aa95-a1a4d4e8a3c5","8 years","Home Mortgage"
"5b0dbf1d-2ce6-4440-b473-3bf5d84cc720","6 years","Rent"
"5a12f723-b483-4929-aaaf-30c2e840476c","9 years","Rent"
"36961187-b092-415f-9572-bcd46a1cfb9c","< 1 year","Home Mortgage"
"32d06b3a-5a7d-4e40-aa83-c0c51d37cc51","6 years","Home Mortgage"
"86685553-f46b-492d-abad-06d2dc1bc370","10+ years","Rent"
"1efb32da-81dc-489e-b01f-163afdb79fb0",NULL,"Rent"
"e5865761-30b2-444c-8b07-1e44a57df561",NULL,"Own Home"
"058f0963-9ad6-49b9-84c2-a50d2b283837","10+ years","Home Mortgage"
"6bc47024-31f2-4d20-b5aa-acb09e00b163","8 years","Home Mortgage"
"c7179b65-9565-4c66-9a4d-03895d76e770","10+ years","Home Mortgage"
"eabbf22d-6170-46ce-a511-d8cee63fc00f","7 years","Home Mortgage"
"10fad0e9-073d-460c-a41b-b3adf38ca369","< 1 year","Home Mortgage"
"e344c542-c88d-4067-8fca-c8c4ca3974d2","< 1 year","Rent"
"af6f67a1-3a23-4b84-ad7f-716b9c09ef78","10+ years","Home Mortgage"
"1299929d-cf69-401d-9e39-ab96c1ff8a66","10+ years","Home Mortgage"
"7c06a279-9653-4185-961e-39d5fe242e4d","2 years","Rent"
"526b6746-fe75-46ae-a699-ae298cd9c378","< 1 year","Home Mortgage"
"9b324cfb-905c-4cdc-92fb-fd84d475cc10","1 year","Rent"
"887c4c97-0da1-44ca-872d-53c0c0ba04f3","2 years","Home Mortgage"
"9a11bbae-5df7-4840-8364-ce28852805f7","6 years","Home Mortgage"
"87efeab2-2997-4005-a7aa-9b2cc908c1c6","4 years","Home Mortgage"
"d33a364a-0d38-4af3-9011-dde304127abd","10+ years","Rent"
"577ab45e-47ee-4be2-af61-2d944512c5fb","10+ years","Home Mortgage"
"fd46e5bd-361b-4cb1-a1de-4f570524a605","10+ years","Home Mortgage"
"10abd023-2f6d-4bc3-9ff1-fa84b3fc061d","8 years","Rent"
"8ad11744-c94f-4f7b-8038-42bffadbedb7","10+ years","Home Mortgage"
"e8307e3f-f70f-4d02-b418-18734b746017","10+ years","Home Mortgage"
"49e7490e-5847-4541-9d62-c8a2b757cfdd","2 years","Home Mortgage"
"2bdf4410-bfb6-448f-8337-63e6fd01a7e0","3 years","Home Mortgage"
"f3cc5aae-b846-4e4d-a5c7-8bf25cf95c14","6 years","Home Mortgage"
"3319838f-c476-40ed-b142-a5ad9a2813d7","10+ years","Home Mortgage"
"47eadf69-2fea-43f2-885c-a76f7c92d7e1","5 years","Rent"
"cd85fc71-a410-492e-a260-dfd660a31b30","6 years","Rent"
"979675c7-4cb6-497d-9941-9ed2562c6c60","5 years","Home Mortgage"
"278914f0-fe04-49cd-844d-a6dd8476b600",NULL,"Home Mortgage"
"71a86951-50e3-43ab-9d06-87d7bc264e33","10+ years","Rent"
"e035819f-64aa-45a1-b86b-335bb4979f3f","10+ years","Rent"
"480ecd21-b00e-4bf9-8547-7b5269d05ede","10+ years","Home Mortgage"
"840763ec-bdab-4bb2-ab0a-87c037c3a378","2 years","Home Mortgage"
"b2892b2c-c302-41a1-8a6a-1a52338fd2b1","< 1 year","Rent"
"77c6b54a-a0a3-4dda-8ac2-2af5988846f5","7 years","Rent"
"4c7abe43-507b-4d01-b3ec-b46b82ecbe04","4 years","Own Home"
"8c97d885-83ad-4b64-b5a6-92c4ccbeb48d","10+ years","Home Mortgage"
"d11855a2-35f1-4370-bf82-1e1e7fe6d817","2 years","Home Mortgage"
"baf401b2-5313-499c-9ae3-1d9369c37d3a","9 years","Rent"
"47e8c33f-5923-45a9-b5b7-30fd03cf1543","2 years","Rent"
"6134f961-2dd3-4773-806c-33289517dddc","2 years","Rent"
"8d25ce7b-92be-4ff0-a134-f3398fb4624e","10+ years","Rent"
"deed9021-d878-4200-b8f4-94f4c63b9b01","5 years","Home Mortgage"
"ab10e32a-c187-4313-b9cd-9e210ce93bdf","3 years","Own Home"
"2d658da1-af60-4906-a23e-dcbac33d95b9","10+ years","Home Mortgage"
"f70e194c-3df7-4ebe-acfb-388cac5fcfdd","7 years","Rent"
"2e958113-d15b-479c-a3bb-35ec85460817","10+ years","Home Mortgage"
"5d4cc1e3-7890-401e-9760-2a1dafb7d00c","2 years","Rent"
"074de4c9-5e54-4934-a6a6-d7360b12f651","6 years","Rent"
"176596bc-30a8-4b95-8cb2-f4ff24e3bd7e","9 years","Home Mortgage"
"1278e0fd-cc5b-4e65-8282-f9ace5e87bf4","10+ years","Own Home"
"da7d3376-3992-4068-bc29-a20929c64ed2","< 1 year","Home Mortgage"
"3720e858-cf85-4876-88c6-2d1662b2899f","7 years","Home Mortgage"
"aabf4f9d-13ce-47f7-b65b-1930d66a1a33","4 years","Home Mortgage"
"653ec81a-ef1d-4033-9b7e-cb17ac527ccf","5 years","Rent"
"57edc3a9-1995-4333-b173-a45504ac7a1e","4 years","Rent"
"22e6fc82-11a7-4da1-939c-ec3c8101d698","1 year","Home Mortgage"
"e9e768e1-c7b5-464e-8c30-5edd4afcf4d7","5 years","Home Mortgage"
"6025af4b-cdab-4afc-9a6f-d54be33360b2","10+ years","Home Mortgage"
"e3c0b9f3-6eda-4c0f-adc8-2e11dc28ec6f","5 years","Rent"
"e9ad91de-370e-4ae5-bd9d-f7fc538a5a79","9 years","Rent"
"c1498408-335b-4499-86a7-0c4760a29a5b","10+ years","Home Mortgage"
"6dcac565-9aeb-4a3f-b1dc-b9e9ea2bfb08","10+ years","Rent"
"2b38d634-6d1b-438e-b614-3b3dbac96d48","10+ years","Rent"
"dae190eb-1c33-4458-b34d-c14d915ab118","10+ years","Rent"
"9377bdfc-c01a-4b7f-9dcd-6e6155cce7e8","10+ years","Home Mortgage"
"46c28ad4-17c7-4e10-9d9f-f36bfa3dc44f","10+ years","Home Mortgage"
